name	registered_by	slot1	slot3	slot6
SCR_AddPickup	001b6c80		001b6c10	
SCR_AimDownUp	00251948		00250ea0	
SCR_AimLeftRight	00251948		00250e48	
SCR_AirCurrent	00193580		002856a8	
SCR_AllowOffScreen	001b4c48		001b4748	
SCR_AresSky	0025a1f0		002888f0	
SCR_AttachToMount	001b7c20		001b7ac8	
SCR_BonePoisonInject	00194fb8		00194ab0	
SCR_BoneShotgun	00194fb8		001942d0	
SCR_BoundBranchOverride	001b4c48		001b4ba8	
SCR_Break	0025a1f0		001c0640	
SCR_CameraObject	00196120		00196390	
SCR_CameraShake	00196a40	00285df8	00285eb0	00285ed0
SCR_CameraSway	001968f8	00285d60	00285d58	00285d28
SCR_CancelSeekAI	001ba1c8		001b9e98	
SCR_CancelSeekSite	001ba1c8		001b9de8	
SCR_ClearRadius	00251948		001c6ca8	
SCR_ClearVelocity	00251948		002518e8	
SCR_Commend	001b6c80		001b6bc8	
SCR_Concussion	0019a008		00199de0	
SCR_DelayTargeting	00251948		00251348	
SCR_DetachFromCeiling	00251948		00251478	
SCR_DetachFromGrapple	00251948		002514f8	
SCR_DetachFromRope	00251948		00251578	
SCR_DetachFromWall	00251948		002515f8	
SCR_DetachRider	001b7c20		001b76d0	
SCR_DisableSubWeapon	001bc058		001bbcf0	
SCR_DismountPegasus	001b4c48		001b48b0	
SCR_EarthEcho	0019c3f8		0019af80	
SCR_EarthEnter	0019c3f8		0019ad48	
SCR_EarthRain	0019c3f8		0019bd90	
SCR_EarthRockTrigger	0019c3f8		0019c0b0	
SCR_EarthStomp	0019c3f8		0019b1b8	
SCR_EarthTrigger	0019c3f8		0019ac00	
SCR_ElectricCore	0019d7a8		0019d590	
SCR_EnableSubWeapon	001bc058		001bbca0	
SCR_EnterFlight	00193ca8		00193b20	
SCR_Entities	001cf090		001cf588	
SCR_ExitFlight	00193ca8		00193ba0	
SCR_ExplodeDeath	001aa850		001aa7b8	
SCR_EyeBeam	001a9a58		001a9928	
SCR_Fade	00193ca8		00193990	
SCR_FarClip	0025a1f0		002884e0	
SCR_FirstTimeMsg	001b6c80		001b6a28	
SCR_FlashSprite	001b6c80		001b6b30	
SCR_FleeceIsActive	00251948		00251830	
SCR_FollowPlayer	001bb910		001baa28	
SCR_ForceAttachment	001bc058		001bbf30	
SCR_FullScreenEffect	0019da30	00286008	00285fe8	00285fb8
SCR_GhostTrail	0025a1f0		00288598	
SCR_GodModeComboBlast	0019f8d8		0019f3a8	
SCR_GoldenActivate	0019fcd0		0019fcb0	
SCR_GrapplePoint	001a08e0	00286138	00286200	00286220
SCR_Grid	0025a1f0		00231f90	
SCR_GrowTimer	00197968		00197770	
SCR_HammerSouls	001a1cf0		001a1c98	
SCR_HermesAmulet	001a3238		001a2a40	
SCR_HermesBeam	001a3238	002862a0	00286368	00286388
SCR_HermesEnable	001a3238		001a2498	
SCR_HermesLineOfSight	001a3238		001a28e0	
SCR_HideSubWeapon	001bc058		001bbe80	
SCR_IcarusWingsVisual	001a3f28		001a3e68	
SCR_IgnoreHitResponse	001ba1c8		001ba0f8	
SCR_Kamikaze	001b4c48		001b40c8	
SCR_KillRider	001b7c20		001b7b58	
SCR_LensFlare	0025a1f0		00288638	
SCR_Lightning	001a6a50		001a5830	
SCR_MedusaHeadBeam	001a9a58		001a8318	
SCR_MedusaHeadBomb	001a9a58		001a8b20	
SCR_MedusaHeadChrgEvts	001a9a58		001a8708	
SCR_MedusaHeadEvts	001a9a58		001a8518	
SCR_MedusaHeadFlash	001a9a58		001a8428	
SCR_MedusaHeadNuke	001a9a58		001a8940	
SCR_MedusaHeadShow	001a9a58		001a81b0	
SCR_MedusaHeadUpdate	001a9a58		001a8050	
SCR_Mirror	001363f8	00281788	00281840	00281860
SCR_Modulate	0025a1f0		001c66b0	
SCR_MountPegasus	001b4c48		001b47f0	
SCR_NoPlayerBars	00251948		00251290	
SCR_NoPlayerJumping	00251948		00251678	
SCR_NoShadow	00251948		00251128	
SCR_OlympusBolt	001ab2c0		001aa9d8	
SCR_OlympusOrbs	001ab2c0		001ab058	
SCR_OlympusSphere	001ab2c0		001aab50	
SCR_PegAINoAccel	001b4c48		001b3ea0	
SCR_PegAINoConfuse	001b4c48		001b4bb8	
SCR_PegTurnOffTravelers	001b4c48		001b3f00	
SCR_PegasusBoost	001b4c48		001b36f8	
SCR_PegasusBoostCancel	001b4c48		001b3818	
SCR_PegasusConfuseEnemy	001b4c48		001b47b8	
SCR_PegasusExitLockOn	001b4c48		001b3dc8	
SCR_PegasusFlight	001b4c48		001b3d00	
SCR_PegasusForceHero	001b4c48		001b39d8	
SCR_PegasusLockOn	001b4c48		001b3c20	
SCR_PegasusLockOnClear	001b4c48		001b3990	
SCR_PegasusOffTrack	001b4c48		001b4b10	
SCR_PegasusRam	001b4c48		001b4660	
SCR_PegasusTraveler	001b4c48		001b3858	
SCR_PegasusWindOff	001b4c48		001b3e68	
SCR_Pendulum	001c83b0		00286960	
SCR_PendulumImpulse	001c83b0		001c84b8	
SCR_PlayFX	001b69d8		001b5798	
SCR_PlayReplace	00251948		002513d0	
SCR_ProjectileModeOn	001b4c48		001b4028	
SCR_RepeatPress	001aa768		001a9f00	
SCR_ResetHUD	001aa768		001aa730	
SCR_RetargetAI	001ba1c8		001b9c98	
SCR_RopeSkinned	0025a1f0		00288700	
SCR_SeekAI	001ba1c8		001b9aa0	
SCR_SeekMount	001b7c20		001b75d8	
SCR_SeekRider	001b7c20		001b7448	
SCR_SeekSite	001ba1c8		001b98a8	
SCR_SeekTarget	001ba1c8		001b9f88	
SCR_SendBreakEvent	001b69d8		001b6670	
SCR_SetFlightHeight	00193ca8		00193c30	
SCR_Shadow	0025a1f0		002887c8	
SCR_Shield	0025a1f0		001c5250	
SCR_Sky	0025a1f0		00288868	
SCR_SonicScream	001bb910		001bb240	
SCR_Sound	00251948		00250fb0	
SCR_SoundGroupMod	001c7a40		001c7c88	
SCR_Spawn	001bb910		001bb520	
SCR_StopPegasus	001b4c48		001b4c10	
SCR_SubTrack	0019aad8		0019a9c8	
SCR_SubWeaponToggle	001bc058		001bbd40	
SCR_SuckPlayerOrbs	00251948		00251698	
SCR_SwitchNavBanks	001b69d8		001b6920	
SCR_Teleport	00193ca8		001935a8	
SCR_TimedPress	001aa768		001aa470	
SCR_TrigCustIfTarLost	00251948		002518d8	
SCR_TurnToRock	001bc620		001bc300	
SCR_UnFreeze	001bc620		001bc130	
SCR_UpdateReticle	001b6c80		001b6c58	
SCR_VirtualWind	0025a1f0		001c8a78	
SCR_VisPegasusOff	001b4c48		001b4bc8	
SCR_Weather	0025a1f0		00288990	
SCR_WindBlowHit	001c0500		001c03a0	
SCR_WindCharge	001c0500		001bd818	
SCR_WindGustPlayback	001c0500		001be760	
SCR_WindShowBow	001c0500		001c0250	
SCR_WindThrow	001c0500		001bdb90	
SCR_WindTrigger	001c0500		001be280	
SCR_cloth	0013d8b8		00105db0	
