id	name	size	ctor	vtables_installed	final_vtable	final_slots	slot_fns
0x01	GOServer	0x11c	00142888	002f6a48,002f68b0,002f6470	002f6470	23	27a830,28bcf0,142b08,27be80,27bef0,27bf70,27bfc0,27c010,27c060,27c0b0,27c140,28be40,28be90,28bf80,27b9e0,27cb48,27cc00,2834e8,28c020,27be28,27c1d0,27ca28
0x02	renPrimMaster	0x16c	0016d740	002f6a48,002f3688,002f4520,002f44e8	002f44e8	6	173b20,173b28,173a98,1742b0,1742f0
0x03	AnimServer	0x4dc	inline	002f6a48,002f5e28	002f5e28	23	27a8a0,288b10,118fe0,27be80,27bef0,27bf70,27bfc0,27c010,27c060,27c0b0,27c140,288ca0,288d28,288e18,27b9e0,288eb8,288ee0,288f18,288f40,27be28,27c1d0,27db58
0x04	ScriptServer	0xd8	0013fe48	002f6a48,002f68b0,002f5298	002f5298	23	27acb0,28a350,28a4a0,27be80,27bef0,27bf70,27bfc0,27c010,27c060,27c0b0,27c140,28a4f0,28a540,28a630,27b9e0,28a6d0,28a6f8,28a730,28a758,27be28,27c1d0,140128
0x05	Master_Server	0x34	inline	002f6a48,002f4808	002f4808	27	27f8c8,277118,277200,277138,273290,27f9b0,27f8f8,27f9d0,273130,27f9f0,28a338,27fa50,27fab0,27b9d8,27b9e0,27b9e8,27b9f0,27b9f8,185be0,28a340,27fb10,27f920,27f950,2884a0,288498,2884a8
0x06	LightServer	0xd8	inline	002f6a48,002f26b0	002f26b0	23	27b070,288b10,27f278,27be80,27bef0,27bf70,27bfc0,27c010,27c060,27c0b0,27c140,288ca0,288d28,288e18,27b9e0,288eb8,288ee0,288f18,288f40,27be28,27c1d0,283298
0x07	TextureServer	0xd8	inline	002f6a48,002f2930	002f2930	23	27b048,288b10,27f278,27be80,27bef0,27bf70,27bfc0,27c010,27c060,27c0b0,27c140,288ca0,288d28,288e18,27b9e0,288eb8,288ee0,288f18,288f40,27be28,27c1d0,282de8
0x08	MatServer	0xd8	00162c08	002f6a48,002f68b0,002f3d48	002f3d48	23	27ae60,288b10,280c40,27be80,27bef0,27bf70,27bfc0,27c010,27c060,27c0b0,27c140,288ca0,288d28,288e18,280c20,288eb8,288ee0,288f18,288f40,27be28,27c1d0,280ae0
0x09	CameraServer	0xd8	inline	002f6a48,002f2ad0	002f2ad0	23	27aff8,288b10,282ac8,27be80,27bef0,27bf70,27bfc0,27c010,27c060,27c0b0,27c140,288ca0,288d28,288e18,27b9e0,288eb8,288ee0,288f18,288f40,27be28,27c1d0,282b18
0x0a	ProServer	0x30	inline	002f6a48,002f1fa0	002f1fa0	27	27b0e8,186b50,186a50,272400,276d18,276da8,27b9d0,272368,272308,2895b0,2895b8,2895c0,2895c8,27b9d8,27b9e0,27b9e8,27b9f0,27b9f8,289598,2895d0,288488,2895a0,288480,288478,2895a8,289590
0x0b	EpiServer	0x2c	inline	002f6a48,002f48e8	002f48e8	27	27ad70,2752d8,186e08,272400,276d18,276da8,27b9d0,272368,272308,2895b0,2895b8,2895c0,2895c8,27b9d8,27b9e0,27b9e8,27b9f0,27b9f8,289598,2895d0,288488,2895a0,288480,288478,2895a8,289590
0x0c	GfxClutServer	0xd8	0015b328	002f6a48,002f68b0,002f3fc8	002f3fc8	23	27ae10,288b10,2803e0,27be80,27bef0,27bf70,27bfc0,27c010,27c060,27c0b0,27c140,288ca0,288d28,288e18,280388,288eb8,288ee0,288f18,288f40,27be28,27c1d0,280248
0x0d	renMasterSvr	0x4c	00160a68	002f6a48,002f4558	002f4558	27	27ad98,277118,160cd0,277138,273290,27f9b0,27f8f8,27f9d0,273130,27f9f0,28a338,27fa50,27fab0,27b9d8,27b9e0,27b9e8,27b9f0,27b9f8,160bc8,28a340,27fb10,27f920,27f950,2884a0,288498,2884a8
0x0f	renModelServer	0xd8	001654d0	002f6a48,002f68b0,002f2d50	002f2d50	25	27afa8,288b10,168290,27be80,27bef0,27bf70,27bfc0,27c010,27c060,27c0b0,27c140,288ca0,288d28,288e18,27b9e0,288eb8,288ee0,288f18,288f40,27be28,27c1d0,282910,27fcb0,27fd40
0x10	CollisionServer	0xd8	0011f240	002f6a48,002f68b0,002f4a30	002f4a30	23	27ad28,288b10,27f278,27be80,27bef0,27bf70,27bfc0,27c010,27c060,27c0b0,27c140,288ca0,288d28,288e18,27b9e0,288eb8,288ee0,288f18,288f40,27be28,27c1d0,11f488
0x11	renParticleSvr	0xd8	0016bf58	002f6a48,002f68b0,002f3768	002f3768	25	27aed8,288b10,27fcf0,27be80,27bef0,27bf70,27bfc0,27c010,27c060,27c0b0,27c140,288ca0,288d28,288e18,27b9e0,288eb8,288ee0,288f18,288f40,27be28,27c1d0,16c198,16c208,27fd40
0x12	WaypointServer	0xd8	0018f908	002f6a48,002f68b0,002f1d20	002f1d20	23	18fb48,288b10,27f278,27be80,27bef0,27bf70,27bfc0,27c010,27c060,27c0b0,27c140,288ca0,288d28,288e18,27b9e0,288eb8,288ee0,288f18,288f40,27be28,27c1d0,18fb70
0x13	EvtServer	0x3834	00121788	002f6a48,002f5178	002f5178	27	1218b0,2752d8,1218d8,272400,276d18,276da8,27b9d0,272368,272308,2895b0,2895b8,27f2d0,27f2e0,27b9d8,27b9e0,27b9e8,27b9f0,27b9f8,289598,2895d0,288488,2895a0,288480,288478,2895a8,289590
0x14	BhvrServer	0xd8	0011e280	002f6a48,002f68b0,002f4e30	002f4e30	23	27ad00,288b10,27f278,27be80,27bef0,27bf70,27bfc0,27c010,27c060,27c0b0,27c140,288ca0,288d28,288e18,27b9e0,288eb8,288ee0,288f18,288f40,27be28,27c1d0,27f420
0x15	SoundServer	0xd8	00180188	002f6a48,002f68b0,002f2080	002f2080	23	180540,288b10,1806c8,27be80,27bef0,27bf70,27bfc0,27c010,27c060,27c0b0,27c140,180f80,180f88,288e18,27b9e0,288eb8,288ee0,288f18,288f40,27be28,27c1d0,180588
0x16	WadServer	0xe0	inline	002f6a48,002f6110	002f6110	23	27d520,28b6f0,28bae8,27be80,27bef0,27bf70,27bfc0,27c010,27c060,27c0b0,27c140,28bb38,28bb88,28bbd8,27b9e0,27d6b0,27d788,27ce10,28bc78,27be28,27c1d0,27d570
0x17	renEEPrimSvr	0xd8	0014fb90	002f6a48,002f68b0,002f4248	002f4248	25	27fef0,288b10,27fcf0,27be80,27bef0,27bf70,27bfc0,27c010,27c060,27c0b0,27c140,288ca0,288d28,288e18,27b9e0,288eb8,288ee0,288f18,288f40,27be28,27c1d0,14fdd0,27fcb0,27fd40
0x19	EffectsServer	0xd8	00138518	002f6a48,002f68b0,002f3218	002f3218	23	138758,2895e0,1388c0,27be80,27bef0,27bf70,27bfc0,27c010,27c060,27c0b0,27c140,289730,289780,289870,27b9e0,289910,289938,289970,289998,27be28,27c1d0,138780
0x1b	renFlashServer	0xd8	00158d90	002f6a48,002f68b0,002f3aa8	002f3aa8	25	27ae88,288b10,27fcf0,27be80,27bef0,27bf70,27bfc0,27c010,27c060,27c0b0,27c140,288ca0,288d28,288e18,27b9e0,288eb8,288ee0,288f18,288f40,27be28,27c1d0,159068,27fcb0,27fd40
0x20	renShadowServer	0xd8	00173310	002f6a48,002f68b0,002f2410	002f2410	25	173578,288b10,27fcf0,27be80,27bef0,27bf70,27bfc0,27c010,27c060,27c0b0,27c140,288ca0,288d28,288e18,27b9e0,288eb8,288ee0,288f18,288f40,27be28,27c1d0,1735a0,27fcb0,27fd40
