id	server	server_vt	slot19	slot22	default_bank_vt	default_slot10	default_slot19	context_bank_vts	context_slot10
0x01	GOServer	002f6470	0028c020	0027ca28	002f6530	0027c820	0027c9a8	002f66f0,002f6610	0028c3d0,001404f0
0x02	renPrimMaster	002f44e8	00273290	0027f9d0	?	?	?	?	?
0x03	AnimServer	002f5e28	00288f40	0027db58	002f7d80	00288f70	00291288	002f5fc8,002f5ee8	0028a330,00119098
0x04	ScriptServer	002f5298	0028a758	00140128	002f5358	0028a788	0027ebc8	002f7b70,002f5438	0029a358,0013f520
0x05	Master_Server	002f4808	00185be0	0027f920	?	?	?	?	?
0x06	LightServer	002f26b0	00288f40	00283298	002f2770	002831d0	00283050	002f5fc8,002f2850	0028a330,0015fb70
0x07	TextureServer	002f2930	00288f40	00282de8	002f29f0	00288f70	00282c68	002f5fc8,002f7250	0028a330,00291a60
0x08	MatServer	002f3d48	00288f40	00280ae0	002f3e08	00288f70	00280930	002f5fc8,002f3ee8	0028a330,00162fa0
0x09	CameraServer	002f2ad0	00288f40	00282b18	002f2b90	00288f70	00282a58	002f5fc8,002f2c70	0028a330,0014c890
0x0a	ProServer	002f1fa0	00289598	002895a0	?	?	?	?	?
0x0b	EpiServer	002f48e8	00289598	002895a0	?	?	?	?	?
0x0c	GfxClutServer	002f3fc8	00288f40	00280248	002f4088	00288f70	002800b8	002f5fc8,002f4168	0028a330,0015d588
0x0d	renMasterSvr	002f4558	00160bc8	0027f920	?	?	?	?	?
0x0f	renModelServer	002f2d50	00288f40	00282910	002f7330	00288f70	00291938	002f2e20	00165710
0x10	CollisionServer	002f4a30	00288f40	0011f488	002f4af0	00288f70	0011eb08	002f5fc8,002f4bd0	0028a330,0011e5e8
0x11	renParticleSvr	002f3768	00288f40	0016c198	002f3838	00288f70	0016bd38	002f3918	0016bb10
0x12	WaypointServer	002f1d20	00288f40	0018fb70	002f1de0	00288f70	0018f7a8	002f5fc8,002f1ec0	0028a330,0018f670
0x13	EvtServer	002f5178	00289598	002895a0	?	?	?	?	?
0x14	BhvrServer	002f4e30	00288f40	0027f420	002f4ef0	00288f70	0027f3b0	002f5fc8,002f4fd0	0028a330,0011daa0
0x15	SoundServer	002f2080	00288f40	00180588	002f2140	00288f70	0017ff38	002f5fc8,002f2300,002f2220	0028a330,0017f9b8,0017fcf8
0x16	WadServer	002f6110	0028bc78	0027d570	002f61d0	0027d380	0018ed38	002f6390,002f62b0	002895b0,002895b0
0x17	renEEPrimSvr	002f4248	00288f40	0014fdd0	002f4318	00288f70	0014fb00	002f43f8,002f5fc8,002f4718	0028a330,0028a330,0028a330
0x19	EffectsServer	002f3218	00289998	00138780	002f32d8	002899c8	001384a8	002f3578,002f3498,002f33b8	0028a320,0028a320,00138230
0x1b	renFlashServer	002f3aa8	00288f40	00159068	002f3b78	00288f70	00158d20	002f3c58	001588f8
0x20	renShadowServer	002f2410	00288f40	001735a0	002f24e0	00288f70	002838a8	002f25c0,002f5fc8,002f4718	00170340,0028a330,0028a330
